{
  "16": {
    "MF": {
      "hr": 0.34270360878316414,
      "ndcg": 0.2646798073508005
    },
    "NCF": {
      "hr": 0.33418948660908304,
      "ndcg": 0.25592828992828726
    },
    "SASRec-NCF": {
      "hr": 0.33411948763482263,
      "ndcg": 0.25877577870797636
    },
    "NeighborAware": {
      "hr": 0.2594443356998148,
      "ndcg": 0.193182170882412
    }
  }
}